risk_band,cases,providers,default_rate,total_loan_exposure,avg_default_probability
High,3120,422,0.016346153846153847,11224971.21,0.7708806085791325
Medium,16572,975,0.006939415882210958,39107837.25,0.49251391104859427
Low,8308,678,0.0014443909484833895,5506834.75,0.1132355289056463
