calibration_bin,cases,mean_predicted_probability,observed_default_rate
0,600,0.012202689148086454,0.0
1,600,0.024995194192342897,0.0
2,600,0.06537291856044981,0.0033333333333333335
3,600,0.27668934739870726,0.0
4,600,0.38854834342637606,0.006666666666666667
5,600,0.4766402947252516,0.0033333333333333335
6,600,0.5551207329690455,0.013333333333333334
7,600,0.6317214572705457,0.0033333333333333335
8,600,0.7127254615168962,0.005
9,600,0.8130973109148388,0.013333333333333334
