risk_band,cases,case_share,defaults,default_rate,default_capture_rate,mean_probability,median_probability,min_probability,max_probability
Low risk,2347,0.8647752394988946,1,0.00042607584149978694,0.041666666666666664,0.08552864746009074,0.05697242549591342,0.0006807121645420768,0.45523627986134013
Medium risk,313,0.11532792925571113,18,0.05750798722044728,0.75,0.7541291702607622,0.7632107285632119,0.462974640719943,0.959601435902001
High risk,54,0.01989683124539425,5,0.09259259259259259,0.20833333333333334,0.98057190537765,0.9787804680043661,0.9602411856119129,0.9991521957984086
