quantile,score
0.01,0.004012869189130144
0.05,0.010060323579927382
0.1,0.01547688597482385
0.25,0.03269895117644925
0.5,0.06959405018829491
0.75,0.16522497179531082
0.9,0.6761779821957772
0.95,0.8842361767344668
0.99,0.9777961178936225
