accuracy,precision,recall,roc_auc,threshold,positive_rate,tp,tn,fp,fn
0.9053058216654385,0.05363984674329502,0.5833333333333334,0.9257899628252788,0.6900000000000001,0.008843036109064112,14,2443,247,10
